20;20;20;20;20;20;20;20;20;20;20;20;20;20;20;20;20;20;20;20;20;20;20;20;20;19.1983;18.3968;17.5954;16.7942;15.9934;15.1929;14.3929;13.5934;12.7944;11.996;11.1982;10.4011;9.60448;8.8085;8.01309;7.21822;6.42384;5.6299;4.83632;4.04302;3.24993;2.45694;1.66396;0.870897;0.0776324;-0.715934;-1.50991;-2.30439;-3.09947;-3.89525;-4.69181;-5.48922;-6.28755;-7.08686;-7.88717;-8.68853;-9.49093;-10.2944;-11.0989;-11.9044;-12.7109;-13.5183;-14.3265;-15.1355;-15.9452;-16.7554;-17.5662;-18.3772;-19.1886;-20;-20;-20;-20;-20;-20;-20;-20;-20;-20;-20;-20;-20;-20;-20;-20;-20;-20;-20;-20;-20;-20;-20;-20;-20;-20
20;20;20;20;20;20;20;20;20;20;20;20;20;20;20;20;20;20;20;20;20;20;20;20;20;19.1983;18.3967;17.5952;16.794;15.9931;15.1926;14.3926;13.5931;12.7941;11.9957;11.1978;10.4007;9.60409;8.80813;8.01275;7.21792;6.42359;5.62969;4.83617;4.04294;3.24991;2.457;1.6641;0.871113;0.0779281;-0.71556;-1.50946;-2.30386;-3.09888;-3.8946;-4.6911;-5.48847;-6.28676;-7.08604;-7.88633;-8.68768;-9.49009;-10.2936;-11.0981;-11.9036;-12.7101;-13.5176;-14.3259;-15.135;-15.9447;-16.755;-17.5659;-18.377;-19.1885;-20;-20;-20;-20;-20;-20;-20;-20;-20;-20;-20;-20;-20;-20;-20;-20;-20;-20;-20;-20;-20;-20;-20;-20;-20;-20
20;20;20;20;20;20;20;20;20;20;20;20;20;20;20;20;20;20;20;20;20;20;20;20;20;19.1982;18.3964;17.5949;16.7936;15.9926;15.192;14.3919;13.5923;12.7933;11.9948;11.197;10.3998;9.60328;8.80736;8.01204;7.21728;6.42304;5.62925;4.83585;4.04275;3.24987;2.45711;1.66437;0.871543;0.0785209;-0.714806;-1.50854;-2.3028;-3.09768;-3.89327;-4.68966;-5.48693;-6.28514;-7.08435;-7.88461;-8.68594;-9.48835;-10.2919;-11.0964;-11.902;-12.7087;-13.5162;-14.3246;-15.1338;-15.9438;-16.7543;-17.5653;-18.3766;-19.1883;-20;-20;-20;-20;-20;-20;-20;-20;-20;-20;-20;-20;-20;-20;-20;-20;-20;-20;-20;-20;-20;-20;-20;-20;-20;-20
20;20;20;20;20;20;20;20;20;20;20;20;20;20;20;20;20;20;20;20;20;20;20;20;20;19.198;18.3961;17.5944;16.7929;15.9918;15.1911;14.3908;13.5911;12.792;11.9935;11.1957;10.3985;9.60202;8.80616;8.01093;7.21628;6.42218;5.62856;4.83534;4.04245;3.24979;2.45726;1.66476;0.872185;0.0794128;-0.713666;-1.50716;-2.30119;-3.09585;-3.89125;-4.68746;-5.48458;-6.28267;-7.08179;-7.88199;-8.68329;-9.48571;-10.2893;-11.0939;-11.8996;-12.7064;-13.5141;-14.3227;-15.1322;-15.9423;-16.7531;-17.5644;-18.376;-19.188;-20;-20;-20;-20;-20;-20;-20;-20;-20;-20;-20;-20;-20;-20;-20;-20;-20;-20;-20;-20;-20;-20;-20;-20;-20;-20
20;20;20;20;20;20;20;20;20;20;20;20;20;20;20;20;20;20;20;20;20;20;20;20;20;19.1978;18.3956;17.5937;16.792;15.9906;15.1898;14.3894;13.5895;12.7903;11.9918;11.1939;10.3968;9.60029;8.80451;8.0094;7.21491;6.42099;5.62759;4.83463;4.04201;3.24965;2.45744;1.66528;0.873038;0.0806068;-0.712135;-1.5053;-2.29902;-3.09338;-3.88851;-4.68448;-5.4814;-6.27932;-7.07832;-7.87843;-8.67969;-9.48212;-10.2857;-11.0905;-11.8963;-12.7033;-13.5112;-14.3201;-15.1299;-15.9404;-16.7515;-17.5632;-18.3752;-19.1875;-20;-20;-20;-20;-20;-20;-20;-20;-20;-20;-20;-20;-20;-20;-20;-20;-20;-20;-20;-20;-20;-20;-20;-20;-20;-20
20;20;20;20;20;20;20;20;20;20;20;20;20;20;20;20;20;20;20;20;20;20;20;20;20;19.1974;18.395;17.5927;16.7908;15.9892;15.1881;14.3875;13.5875;12.7882;11.9895;11.1916;10.3945;9.59805;8.80237;8.0074;7.21311;6.41944;5.62632;4.83368;4.04142;3.24945;2.45765;1.66591;0.8741;0.0821069;-0.710201;-1.50295;-2.29626;-3.09025;-3.88502;-4.68069;-5.47734;-6.27505;-7.07388;-7.87389;-8.6751;-9.47754;-10.2812;-11.0861;-11.8921;-12.6993;-13.5076;-14.3168;-15.1269;-15.9379;-16.7495;-17.5616;-18.3742;-19.187;-20;-20;-20;-20;-20;-20;-20;-20;-20;-20;-20;-20;-20;-20;-20;-20;-20;-20;-20;-20;-20;-20;-20;-20;-20;-20
20;20;20;20;20;20;20;20;20;20;20;20;20;20;20;20;20;20;20;20;20;20;20;20;20;19.1971;18.3942;17.5916;16.7893;15.9874;15.186;14.3851;13.5849;12.7854;11.9867;11.1887;10.3916;9.59524;8.79969;8.00491;7.21086;6.41748;5.62471;4.83247;4.04065;3.24915;2.45785;1.66664;0.875369;0.0839179;-0.707853;-1.50008;-2.29289;-3.0864;-3.88075;-4.67604;-5.47236;-6.2698;-7.06843;-7.8683;-8.66945;-9.4719;-10.2757;-11.0807;-11.887;-12.6945;-13.5031;-14.3127;-15.1233;-15.9348;-16.7469;-17.5597;-18.3729;-19.1864;-20;-20;-20;-20;-20;-20;-20;-20;-20;-20;-20;-20;-20;-20;-20;-20;-20;-20;-20;-20;-20;-20;-20;-20;-20;-20
20;20;20;20;20;20;20;20;20;20;20;20;20;20;20;20;20;20;20;20;20;20;20;20;20;19.1966;18.3933;17.5902;16.7875;15.9852;15.1834;14.3823;13.5818;12.7821;11.9833;11.1852;10.3881;9.59182;8.79641;8.00185;7.20808;6.41507;5.62272;4.83095;4.03966;3.24873;2.45804;1.66746;0.876841;0.0860455;-0.705075;-1.49667;-2.28887;-3.08182;-3.87565;-4.67047;-5.46639;-6.26351;-7.06189;-7.8616;-8.66267;-9.46513;-10.269;-11.0742;-11.8808;-12.6886;-13.4977;-14.3078;-15.119;-15.9311;-16.7439;-17.5574;-18.3713;-19.1856;-20;-20;-20;-20;-20;-20;-20;-20;-20;-20;-20;-20;-20;-20;-20;-20;-20;-20;-20;-20;-20;-20;-20;-20;-20;-20
20;20;20;20;20;20;20;20;20;20;20;20;20;20;20;20;20;20;20;20;20;20;20;20;20;19.196;18.3922;17.5886;16.7853;15.9826;15.1804;14.3789;13.5781;12.7782;11.9792;11.181;10.3839;9.5877;8.79246;7.99815;7.20472;6.41212;5.62027;4.82906;4.0384;3.24815;2.45819;1.66836;0.878512;0.0884961;-0.701851;-1.49269;-2.28417;-3.07644;-3.86965;-4.66392;-5.45936;-6.25609;-7.05418;-7.85369;-8.65467;-9.45714;-10.2611;-11.0666;-11.8734;-12.6817;-13.4913;-14.302;-15.1139;-15.9267;-16.7403;-17.5547;-18.3695;-19.1847;-20;-20;-20;-20;-20;-20;-20;-20;-20;-20;-20;-20;-20;-20;-20;-20;-20;-20;-20;-20;-20;-20;-20;-20;-20;-20
20;20;20;20;20;20;20;20;20;20;20;20;20;20;20;20;20;20;20;20;20;20;20;20;20;19.1954;18.3909;17.5866;16.7828;15.9795;15.1768;14.3748;13.5737;12.7735;11.9743;11.1761;10.3789;9.58279;8.78775;7.99373;7.2007;6.40858;5.6173;4.82676;4.03683;3.24737;2.45825;1.66931;0.880375;0.091277;-0.698159;-1.48811;-2.27873;-3.07021;-3.86268;-4.6563;-5.45119;-6.24745;-7.04519;-7.84446;-8.64533;-9.44782;-10.2519;-11.0576;-11.8649;-12.6736;-13.4838;-14.2953;-15.1079;-15.9216;-16.7362;-17.5515;-18.3673;-19.1836;-20;-20;-20;-20;-20;-20;-20;-20;-20;-20;-20;-20;-20;-20;-20;-20;-20;-20;-20;-20;-20;-20;-20;-20;-20;-20
20;20;20;20;20;20;20;20;20;20;20;20;20;20;20;20;20;20;20;20;20;20;20;20;20;19.1946;18.3893;17.5844;16.7798;15.9759;15.1726;14.3701;13.5686;12.768;11.9685;11.1702;10.373;9.57701;8.78218;7.98849;7.19591;6.40435;5.61374;4.82395;4.03487;3.24634;2.45821;1.6703;0.882423;0.0943957;-0.693975;-1.48288;-2.27252;-3.06306;-3.85467;-4.64753;-5.44175;-6.23748;-7.0348;-7.83381;-8.63454;-9.43703;-10.2413;-11.0473;-11.855;-12.6643;-13.4752;-14.2874;-15.101;-15.9157;-16.7314;-17.5478;-18.3649;-19.1823;-20;-20;-20;-20;-20;-20;-20;-20;-20;-20;-20;-20;-20;-20;-20;-20;-20;-20;-20;-20;-20;-20;-20;-20;-20;-20
20;20;20;20;20;20;20;20;20;20;20;20;20;20;20;20;20;20;20;20;20;20;20;20;20;19.1937;18.3875;17.5817;16.7764;15.9716;15.1677;14.3646;13.5626;12.7616;11.9619;11.1633;10.3661;9.57022;8.77562;7.98231;7.19024;6.39932;5.60947;4.82057;4.03246;3.245;2.45801;1.67129;0.884644;0.0978603;-0.689275;-1.47698;-2.26545;-3.0549;-3.84552;-4.63748;-5.43095;-6.22604;-7.02289;-7.82157;-8.62214;-9.42464;-10.2291;-11.0354;-11.8436;-12.6536;-13.4652;-14.2784;-15.0931;-15.9089;-16.7258;-17.5436;-18.362;-19.1809;-20;-20;-20;-20;-20;-20;-20;-20;-20;-20;-20;-20;-20;-20;-20;-20;-20;-20;-20;-20;-20;-20;-20;-20;-20;-20
20;20;20;20;20;20;20;20;20;20;20;20;20;20;20;20;20;20;20;20;20;20;20;20;20;19.1926;18.3855;17.5787;16.7724;15.9668;15.162;14.3583;13.5556;12.7542;11.9541;11.1554;10.3581;9.56229;8.76795;7.97506;7.18356;6.39337;5.60439;4.81649;4.02951;3.24328;2.4576;1.67225;0.887027;0.101679;-0.684026;-1.47033;-2.25746;-3.04566;-3.83512;-4.62605;-5.41863;-6.21299;-7.00928;-7.80759;-8.60797;-9.41048;-10.2151;-11.0218;-11.8306;-12.6413;-13.4539;-14.2682;-15.084;-15.9012;-16.7195;-17.5388;-18.3588;-19.1793;-20;-20;-20;-20;-20;-20;-20;-20;-20;-20;-20;-20;-20;-20;-20;-20;-20;-20;-20;-20;-20;-20;-20;-20;-20;-20
20;20;20;20;20;20;20;20;20;20;20;20;20;20;20;20;20;20;20;20;20;20;20;20;20;19.1914;18.3831;17.5751;16.7678;15.9611;15.1555;14.3509;13.5476;12.7456;11.9451;11.1461;10.3488;9.55306;8.75901;7.96658;7.17572;6.38636;5.59836;4.8116;4.02591;3.24108;2.45691;1.67315;0.889553;0.105861;-0.678196;-1.46289;-2.24847;-3.03521;-3.82334;-4.61308;-5.40463;-6.19815;-6.99379;-7.79166;-8.59183;-9.39434;-10.1992;-11.0064;-11.8158;-12.6274;-13.441;-14.2565;-15.0736;-15.8923;-16.7123;-17.5333;-18.3551;-19.1774;-20;-20;-20;-20;-20;-20;-20;-20;-20;-20;-20;-20;-20;-20;-20;-20;-20;-20;-20;-20;-20;-20;-20;-20;-20;-20
20;20;20;20;20;20;20;20;20;20;20;20;20;20;20;20;20;20;20;20;20;20;20;20;20;19.1901;18.3804;17.5711;16.7625;15.9547;15.148;14.3424;13.5383;12.7357;11.9347;11.1354;10.338;9.54235;8.7486;7.95668;7.16655;6.3781;5.59123;4.80577;4.02154;3.23832;2.45587;1.67392;0.892202;0.110413;-0.671747;-1.45458;-2.23838;-3.02345;-3.81003;-4.5984;-5.38876;-6.18132;-6.97622;-7.77358;-8.5735;-9.37601;-10.1811;-10.9888;-11.799;-12.6115;-13.4263;-14.2432;-15.0619;-15.8823;-16.7041;-17.5271;-18.3509;-19.1753;-20;-20;-20;-20;-20;-20;-20;-20;-20;-20;-20;-20;-20;-20;-20;-20;-20;-20;-20;-20;-20;-20;-20;-20;-20;-20
20;20;20;20;20;20;20;20;20;20;20;20;20;20;20;20;20;20;20;20;20;20;20;20;20;19.1885;18.3772;17.5665;16.7564;15.9473;15.1393;14.3327;13.5276;12.7242;11.9227;11.1231;10.3255;9.52994;8.73651;7.94516;7.15583;6.36842;5.58281;4.79882;4.01625;3.23486;2.45438;1.67452;0.894947;0.115342;-0.664638;-1.44534;-2.22709;-3.01022;-3.79504;-4.58182;-5.37082;-6.16226;-6.9563;-7.75309;-8.55272;-9.35523;-10.1606;-10.9689;-11.7799;-12.5935;-13.4097;-14.2281;-15.0486;-15.871;-16.6948;-17.52;-18.3461;-19.1729;-20;-20;-20;-20;-20;-20;-20;-20;-20;-20;-20;-20;-20;-20;-20;-20;-20;-20;-20;-20;-20;-20;-20;-20;-20;-20
20;20;20;20;20;20;20;20;20;20;20;20;20;20;20;20;20;20;20;20;20;20;20;20;20;19.1867;18.3737;17.5612;16.7495;15.9389;15.1295;14.3216;13.5154;12.7112;11.9089;11.1088;10.3111;9.5156;8.72251;7.93177;7.14333;6.35708;5.57289;4.79057;4.00989;3.23058;2.45235;1.67486;0.897754;0.120655;-0.656822;-1.43507;-2.21446;-2.99537;-3.77815;-4.56312;-5.35055;-6.1407;-6.93377;-7.72989;-8.52918;-9.33169;-10.1374;-10.9463;-11.7583;-12.5732;-13.3909;-14.2111;-15.0336;-15.8581;-16.6844;-17.512;-18.3408;-19.1702;-20;-20;-20;-20;-20;-20;-20;-20;-20;-20;-20;-20;-20;-20;-20;-20;-20;-20;-20;-20;-20;-20;-20;-20;-20;-20
20;20;20;20;20;20;20;20;20;20;20;20;20;20;20;20;20;20;20;20;20;20;20;20;20;19.1847;18.3696;17.5552;16.7416;15.9292;15.1182;14.3089;13.5015;12.6962;11.8931;11.0925;10.2945;9.49906;8.70632;7.91625;7.12878;6.34383;5.56123;4.78078;4.00224;3.22531;2.44964;1.67487;0.900581;0.126356;-0.648248;-1.42367;-2.20036;-2.97872;-3.75916;-4.54204;-5.32768;-6.11635;-6.90829;-7.70366;-8.50257;-9.30508;-10.1112;-10.9208;-11.7339;-12.5502;-13.3696;-14.1919;-15.0166;-15.8437;-16.6726;-17.5031;-18.3347;-19.1672;-20;-20;-20;-20;-20;-20;-20;-20;-20;-20;-20;-20;-20;-20;-20;-20;-20;-20;-20;-20;-20;-20;-20;-20;-20;-20
20;20;20;20;20;20;20;20;20;20;20;20;20;20;20;20;20;20;20;20;20;20;20;20;20;19.1824;18.365;17.5484;16.7327;15.9183;15.1054;14.2944;13.4856;12.679;11.875;11.0738;10.2754;9.48001;8.68762;7.89826;7.11187;6.32835;5.54753;4.76921;3.99309;3.21885;2.4461;1.67443;0.903376;0.132445;-0.63886;-1.41105;-2.18461;-2.96005;-3.7378;-4.51828;-5.30186;-6.08885;-6.87951;-7.67401;-8.47249;-9.275;-10.0815;-10.892;-11.7063;-12.5243;-13.3457;-14.1702;-14.9975;-15.8274;-16.6593;-17.493;-18.3279;-19.1637;-20;-20;-20;-20;-20;-20;-20;-20;-20;-20;-20;-20;-20;-20;-20;-20;-20;-20;-20;-20;-20;-20;-20;-20;-20;-20
20;20;20;20;20;20;20;20;20;20;20;20;20;20;20;20;20;20;20;20;20;20;20;20;20;19.1797;18.3598;17.5407;16.7226;15.9059;15.0909;14.278;13.4674;12.6595;11.8544;11.0524;10.2535;9.45808;8.66604;7.87744;7.09222;6.3103;5.53148;4.75553;3.98215;3.21097;2.44156;1.67343;0.906073;0.138922;-0.628596;-1.39706;-2.16705;-2.93912;-3.71378;-4.49151;-5.27273;-6.0578;-6.84699;-7.64051;-8.43851;-9.24103;-10.0481;-10.8595;-11.6753;-12.4951;-13.3187;-14.1458;-14.976;-15.809;-16.6444;-17.4816;-18.3203;-19.1599;-20;-20;-20;-20;-20;-20;-20;-20;-20;-20;-20;-20;-20;-20;-20;-20;-20;-20;-20;-20;-20;-20;-20;-20;-20;-20
20;20;20;20;20;20;20;20;20;20;20;20;20;20;20;20;20;20;20;20;20;20;20;20;20;19.1768;18.354;17.5319;16.7111;15.8918;15.0744;14.2593;13.4468;12.6372;11.8308;11.0278;10.2285;9.4329;8.64118;7.85338;7.06944;6.28926;5.51267;4.7394;3.96912;3.20141;2.43579;1.67172;0.908591;0.145777;-0.617388;-1.38157;-2.14745;-2.91564;-3.68675;-4.46133;-5.23985;-6.02272;-6.81024;-7.60266;-8.40012;-9.20267;-10.0103;-10.8229;-11.6402;-12.4622;-13.2883;-14.1183;-14.9519;-15.7884;-16.6276;-17.4688;-18.3117;-19.1556;-20;-20;-20;-20;-20;-20;-20;-20;-20;-20;-20;-20;-20;-20;-20;-20;-20;-20;-20;-20;-20;-20;-20;-20;-20;-20
20;20;20;20;20;20;20;20;20;20;20;20;20;20;20;20;20;20;20;20;20;20;20;20;20;19.1734;18.3473;17.5221;16.6981;15.8759;15.0558;14.2381;13.4234;12.6119;11.804;10.9998;10.1998;9.40399;8.61257;7.82559;7.04302;6.26477;5.49065;4.72039;3.9536;3.18983;2.42854;1.6691;0.910829;0.152997;-0.605161;-1.36442;-2.12555;-2.88929;-3.65633;-4.42729;-5.20272;-5.98307;-6.76871;-7.55989;-8.35675;-9.15936;-9.96768;-10.7816;-11.6008;-12.4251;-13.2541;-14.0875;-14.9247;-15.7653;-16.6088;-17.4545;-18.302;-19.1507;-20;-20;-20;-20;-20;-20;-20;-20;-20;-20;-20;-20;-20;-20;-20;-20;-20;-20;-20;-20;-20;-20;-20;-20;-20;-20
20;20;20;20;20;20;20;20;20;20;20;20;20;20;20;20;20;20;20;20;20;20;20;20;20;19.1697;18.3399;17.511;16.6835;15.8579;15.0347;14.2142;13.3969;12.5832;11.7734;10.9679;10.167;9.37085;8.57966;7.79352;7.01242;6.23628;5.46491;4.698;3.93515;3.17586;2.41949;1.66536;0.912661;0.16056;-0.591832;-1.34542;-2.10109;-2.85969;-3.62204;-4.38885;-5.16075;-5.93824;-6.72174;-7.51153;-8.30775;-9.11047;-9.91961;-10.735;-11.5564;-12.3835;-13.2158;-14.0529;-14.8943;-15.7394;-16.5877;-17.4385;-18.2913;-19.1453;-20;-20;-20;-20;-20;-20;-20;-20;-20;-20;-20;-20;-20;-20;-20;-20;-20;-20;-20;-20;-20;-20;-20;-20;-20;-20
20;20;20;20;20;20;20;20;20;20;20;20;20;20;20;20;20;20;20;20;20;20;20;20;20;19.1655;18.3315;17.4985;16.6671;15.8378;15.011;14.1872;13.3669;12.5506;11.7387;10.9316;10.1295;9.33289;8.54185;7.75654;6.977;6.20315;5.4348;4.67165;3.91325;3.15902;2.40828;1.66022;0.913931;0.16843;-0.577311;-1.32434;-2.07371;-2.8264;-3.58335;-4.3454;-5.11325;-5.8875;-6.66859;-7.45683;-8.25238;-9.05526;-9.86539;-10.6825;-11.5064;-12.3366;-13.1727;-14.0141;-14.8602;-15.7104;-16.5641;-17.4206;-18.2792;-19.1393;-20;-20;-20;-20;-20;-20;-20;-20;-20;-20;-20;-20;-20;-20;-20;-20;-20;-20;-20;-20;-20;-20;-20;-20;-20;-20
20;20;20;20;20;20;20;20;20;20;20;20;20;20;20;20;20;20;20;20;20;20;20;20;20;19.1608;18.3221;17.4846;16.6487;15.8151;14.9843;14.1568;13.3331;12.5138;11.6994;10.8902;10.0868;9.28948;8.49845;7.71394;6.93601;6.16463;5.39962;4.64065;3.88725;3.13878;2.39446;1.65336;0.914443;0.176557;-0.561498;-1.30095;-2.04303;-2.78889;-3.53963;-4.2962;-5.05944;-5.83;-6.60838;-7.39492;-8.18976;-8.99292;-9.80425;-10.6235;-11.4502;-12.2841;-13.1244;-13.9706;-14.822;-15.678;-16.5378;-17.4006;-18.2658;-19.1325;-20;-20;-20;-20;-20;-20;-20;-20;-20;-20;-20;-20;-20;-20;-20;-20;-20;-20;-20;-20;-20;-20;-20;-20;-20;-20
20;20;20;20;20;20;20;20;20;20;20;20;20;20;20;20;20;20;20;20;20;20;20;20;20;19.1555;18.3117;17.469;16.6282;15.7898;14.9544;14.1226;13.295;12.4723;11.6549;10.8434;10.0382;9.23987;8.44867;7.66487;6.8886;6.11986;5.3585;4.60419;3.85641;3.11447;2.37748;1.64438;0.913951;0.18487;-0.544281;-1.27495;-2.00858;-2.74655;-3.49012;-4.24041;-4.99837;-5.76476;-6.54012;-7.32479;-8.11893;-8.9225;-9.7353;-10.557;-11.3871;-12.2251;-13.0703;-13.922;-14.7794;-15.6418;-16.5085;-17.3784;-18.2509;-19.125;-20;-20;-20;-20;-20;-20;-20;-20;-20;-20;-20;-20;-20;-20;-20;-20;-20;-20;-20;-20;-20;-20;-20;-20;-20;-20
20;20;20;20;20;20;20;20;20;20;20;20;20;20;20;20;20;20;20;20;20;20;20;20;20;19.1497;18.3001;17.4517;16.6053;15.7615;14.9209;14.0843;13.2523;12.4255;11.6046;10.7902;9.98292;9.18324;8.39162;7.6084;6.83378;6.06784;5.31044;4.56129;3.81982;3.08528;2.35666;1.63276;0.912147;0.193272;-0.52554;-1.24601;-1.96983;-2.69864;-3.43393;-4.177;-4.92895;-5.69062;-6.46262;-7.24529;-8.03877;-8.84295;-9.65757;-10.4822;-11.3162;-12.159;-13.0097;-13.8676;-14.7319;-15.6016;-16.4758;-17.3537;-18.2343;-19.1167;-20;-20;-20;-20;-20;-20;-20;-20;-20;-20;-20;-20;-20;-20;-20;-20;-20;-20;-20;-20;-20;-20;-20;-20;-20;-20
20;20;20;20;20;20;20;20;20;20;20;20;20;20;20;20;20;20;20;20;20;20;20;20;20;19.1432;18.2872;17.4325;16.5798;15.73;14.8836;14.0415;13.2044;12.3729;11.5479;10.7301;9.92015;9.11869;8.3263;7.54343;6.7704;6.00736;5.25425;4.51078;3.77639;3.05023;2.3312;1.61788;0.90864;0.201628;-0.505139;-1.21371;-1.92612;-2.64429;-3.37;-4.10477;-4.84986;-5.60623;-6.37452;-7.15508;-7.94799;-8.75307;-9.56993;-10.398;-11.2366;-12.0849;-12.9421;-13.8071;-14.679;-15.5568;-16.4396;-17.3263;-18.2159;-19.1075;-20;-20;-20;-20;-20;-20;-20;-20;-20;-20;-20;-20;-20;-20;-20;-20;-20;-20;-20;-20;-20;-20;-20;-20;-20;-20
20;20;20;20;20;20;20;20;20;20;20;20;20;20;20;20;20;20;20;20;20;20;20;20;20;19.1361;18.2729;17.4112;16.5517;15.6951;14.8422;13.9939;13.1509;12.314;11.4842;10.6623;9.84899;9.0452;8.25158;7.46875;6.69715;5.93707;5.18853;4.45129;3.72479;3.00814;2.30007;1.59898;0.902936;0.209759;-0.482929;-1.17759;-1.87665;-2.58244;-3.29705;-4.02228;-4.75957;-5.50999;-6.27422;-7.0526;-7.84512;-8.65149;-9.47117;-10.3034;-11.1474;-12.0022;-12.8666;-13.7397;-14.6202;-15.5072;-16.3995;-17.2959;-18.1956;-19.0973;-20;-20;-20;-20;-20;-20;-20;-20;-20;-20;-20;-20;-20;-20;-20;-20;-20;-20;-20;-20;-20;-20;-20;-20;-20;-20
20;20;20;20;20;20;20;20;20;20;20;20;20;20;20;20;20;20;20;20;20;20;20;20;20;19.1283;18.2573;17.3878;16.5206;15.6565;14.7964;13.941;13.0913;12.2482;11.4127;10.5858;9.76848;8.96164;8.16619;7.38294;6.6125;5.85533;5.11159;4.38113;3.66343;2.95752;2.26202;1.57506;0.8944;0.217417;-0.458744;-1.13706;-1.82048;-2.5118;-3.21353;-3.92777;-4.6562;-5.39999;-6.15986;-6.93607;-7.72849;-8.53667;-9.35989;-10.1972;-11.0476;-11.9098;-12.7826;-13.6648;-14.5551;-15.4523;-16.3552;-17.2625;-18.1732;-19.086;-20;-20;-20;-20;-20;-20;-20;-20;-20;-20;-20;-20;-20;-20;-20;-20;-20;-20;-20;-20;-20;-20;-20;-20;-20;-20
20;20;20;20;20;20;20;20;20;20;20;20;20;20;20;20;20;20;20;20;20;20;20;20;20;19.1197;18.2402;17.3622;16.4866;15.6141;14.7458;13.8825;13.0252;12.1749;11.3328;10.5;9.67758;8.8668;8.06873;7.28441;6.5147;5.76026;5.02147;4.29831;3.59034;2.89657;2.21546;1.5449;0.882215;0.22427;-0.4324;-1.09143;-1.75642;-2.43078;-3.11752;-3.81912;-4.53752;-5.27398;-6.02922;-6.80338;-7.59617;-8.4069;-9.23458;-10.078;-10.9359;-11.8068;-12.6893;-13.5819;-14.4832;-15.3918;-16.3064;-17.2258;-18.1486;-19.0737;-20;-20;-20;-20;-20;-20;-20;-20;-20;-20;-20;-20;-20;-20;-20;-20;-20;-20;-20;-20;-20;-20;-20;-20;-20;-20
20;20;20;20;20;20;20;20;20;20;20;20;20;20;20;20;20;20;20;20;20;20;20;20;20;19.1104;18.2215;17.3342;16.4493;15.5677;14.6903;13.8181;12.9521;12.0935;11.2437;10.4038;9.57518;8.75935;7.95764;7.17137;6.40171;5.64964;4.91579;4.20039;3.50311;2.82301;2.15842;1.5069;0.865315;0.229866;-0.403691;-1.03984;-1.68302;-2.33741;-3.00667;-3.69374;-4.40081;-5.12926;-5.87971;-6.65215;-7.44599;-8.26024;-9.09358;-9.9445;-10.8113;-11.6924;-12.586;-13.4904;-14.404;-15.3254;-16.253;-17.1856;-18.1217;-19.0603;-20;-20;-20;-20;-20;-20;-20;-20;-20;-20;-20;-20;-20;-20;-20;-20;-20;-20;-20;-20;-20;-20;-20;-20;-20;-20
20;20;20;20;20;20;20;20;20;20;20;20;20;20;20;20;20;20;20;20;20;20;20;20;20;19.1003;18.2013;17.3039;16.4089;15.5172;14.6297;13.7475;12.8717;12.0036;11.1447;10.2963;9.46015;8.63788;7.83121;7.04181;6.27124;5.52089;4.79175;4.08441;3.39877;2.73401;2.08834;1.45902;0.842304;0.233587;-0.372388;-0.981206;-1.59842;-2.22921;-2.87803;-3.5484;-4.24277;-4.96258;-5.70828;-6.47956;-7.27546;-8.09455;-8.93508;-9.79511;-10.6726;-11.5655;-12.4718;-13.3897;-14.3172;-15.2527;-16.1947;-17.1418;-18.0925;-19.0457;-20;-20;-20;-20;-20;-20;-20;-20;-20;-20;-20;-20;-20;-20;-20;-20;-20;-20;-20;-20;-20;-20;-20;-20;-20;-20
20;20;20;20;20;20;20;20;20;20;20;20;20;20;20;20;20;20;20;20;20;20;20;20;20;19.0894;18.1796;17.2712;16.3652;15.4624;14.5638;13.6705;12.7837;11.9047;11.0352;10.1767;9.33133;8.50092;7.6876;6.89349;6.12066;5.37098;4.64601;3.94678;3.27364;2.62595;2.00196;1.39856;0.811322;0.234582;-0.338237;-0.914179;-1.50026;-2.10299;-2.72787;-3.37908;-4.05935;-4.77004;-5.51134;-6.28242;-7.0818;-7.90748;-8.75713;-9.62831;-10.5185;-11.4253;-12.3462;-13.2793;-14.2223;-15.1736;-16.1315;-17.0943;-18.0609;-19.0299;-20;-20;-20;-20;-20;-20;-20;-20;-20;-20;-20;-20;-20;-20;-20;-20;-20;-20;-20;-20;-20;-20;-20;-20;-20;-20
20;20;20;20;20;20;20;20;20;20;20;20;20;20;20;20;20;20;20;20;20;20;20;20;20;19.0778;18.1563;17.2363;16.3184;15.4036;14.4928;13.5871;12.6878;11.7964;10.9146;10.0443;9.18761;8.34695;7.52486;6.72399;5.94701;5.19646;4.47459;3.78314;3.12309;2.49426;1.89502;1.32197;0.769867;0.231672;-0.300958;-0.837011;-1.38547;-1.95464;-2.55142;-3.18073;-3.84553;-4.54696;-5.28464;-6.05705;-6.86191;-7.69648;-8.55773;-9.44256;-10.3479;-11.2708;-12.2087;-13.1589;-14.1193;-15.088;-16.0631;-17.0432;-18.0269;-19.0129;-20;-20;-20;-20;-20;-20;-20;-20;-20;-20;-20;-20;-20;-20;-20;-20;-20;-20;-20;-20;-20;-20;-20;-20;-20;-20
20;20;20;20;20;20;20;20;20;20;20;20;20;20;20;20;20;20;20;20;20;20;20;20;20;19.0655;18.1317;17.1991;16.2686;15.3407;14.4166;13.4974;12.5842;11.6787;10.7827;9.89826;9.02795;8.1745;7.34099;6.53069;5.74701;4.99332;4.2728;3.58818;2.94137;2.33303;1.76192;1.22446;0.714527;0.22321;-0.26025;-0.747436;-1.24998;-1.77871;-2.34245;-2.94692;-3.59513;-4.28768;-5.02325;-5.79926;-6.61237;-7.45885;-8.3348;-9.23634;-10.1598;-11.1016;-12.0587;-13.0284;-14.0081;-14.9959;-15.9899;-16.9886;-17.9906;-18.9948;-20;-20;-20;-20;-20;-20;-20;-20;-20;-20;-20;-20;-20;-20;-20;-20;-20;-20;-20;-20;-20;-20;-20;-20;-20;-20
20;20;20;20;20;20;20;20;20;20;20;20;20;20;20;20;20;20;20;20;20;20;20;20;20;19.0527;18.1058;17.1601;16.216;15.2742;14.3358;13.4016;12.473;11.5515;10.6391;9.73822;8.8515;7.98221;7.13398;6.31085;5.51708;4.75708;4.03518;3.35544;2.72124;2.13461;1.59522;1.09944;0.64059;0.206903;-0.215812;-0.642507;-1.08831;-1.56777;-2.09278;-2.66938;-3.30043;-3.98541;-4.72146;-5.50441;-6.32951;-7.19181;-8.08633;-9.0083;-9.95325;-10.9171;-11.8963;-12.8878;-13.889;-14.8976;-15.912;-16.9306;-17.9522;-18.9756;-20;-20;-20;-20;-20;-20;-20;-20;-20;-20;-20;-20;-20;-20;-20;-20;-20;-20;-20;-20;-20;-20;-20;-20;-20;-20
20;20;20;20;20;20;20;20;20;20;20;20;20;20;20;20;20;20;20;20;20;20;20;20;20;19.0393;18.0789;17.1194;16.1611;15.2046;14.2507;13.3003;12.3546;11.4153;10.4843;9.56406;8.65771;7.76891;6.90195;6.0617;5.25345;4.48279;3.75546;3.07722;2.45358;1.88898;1.38491;0.937534;0.541501;0.179635;-0.167388;-0.518476;-0.892972;-1.31131;-1.79154;-2.33741;-2.95181;-3.63212;-4.3728;-5.16745;-6.00951;-6.89257;-7.81046;-8.75733;-9.72785;-10.7173;-11.7217;-12.7376;-13.7623;-14.7937;-15.8299;-16.8697;-17.9119;-18.9556;-20;-20;-20;-20;-20;-20;-20;-20;-20;-20;-20;-20;-20;-20;-20;-20;-20;-20;-20;-20;-20;-20;-20;-20;-20;-20
20;20;20;20;20;20;20;20;20;20;20;20;20;20;20;20;20;20;20;20;20;20;20;20;20;19.0255;18.0513;17.0775;16.1043;15.1324;14.1621;13.1943;12.23;11.2709;10.3187;9.37611;8.44644;7.53383;6.64328;5.78062;4.95229;4.16522;3.42668;2.74445;2.12691;1.58285;1.11795;0.724294;0.408257;0.137532;-0.114896;-0.371039;-0.653799;-0.992967;-1.42467;-1.93695;-2.5373;-3.21847;-3.97022;-4.78311;-5.64854;-6.55856;-7.50564;-8.48275;-9.48357;-10.5027;-11.5355;-12.5786;-13.6291;-14.6848;-15.7443;-16.8064;-17.8701;-18.9348;-20;-20;-20;-20;-20;-20;-20;-20;-20;-20;-20;-20;-20;-20;-20;-20;-20;-20;-20;-20;-20;-20;-20;-20;-20;-20
20;20;20;20;20;20;20;20;20;20;20;20;20;20;20;20;20;20;20;20;20;20;20;20;20;19.0116;18.0232;17.0348;16.0465;15.0585;14.071;13.0847;12.1005;11.1195;10.1436;9.17531;8.21818;7.27674;6.35679;5.46525;4.60994;3.79917;3.04164;2.34702;1.7268;1.19757;0.779777;0.433443;0.229708;0.0771379;-0.0586864;-0.196987;-0.358221;-0.582101;-0.977219;-1.44843;-2.04201;-2.73426;-3.50653;-4.34624;-5.24302;-6.18752;-7.17082;-8.18449;-9.22105;-10.2743;-11.3392;-12.4122;-13.4905;-14.5723;-15.6562;-16.7414;-17.8273;-18.9136;-20;-20;-20;-20;-20;-20;-20;-20;-20;-20;-20;-20;-20;-20;-20;-20;-20;-20;-20;-20;-20;-20;-20;-20;-20;-20
20;20;20;20;20;20;20;20;20;20;20;20;20;20;20;20;20;20;20;20;20;20;20;20;20;18.9977;17.9952;16.9922;15.9885;14.9841;13.9789;12.9733;11.9677;10.963;9.96083;8.96344;7.97428;6.99824;6.04193;5.11369;4.22309;3.3799;2.59375;1.8752;1.23571;0.700857;0.370158;0;0;0;0;0;0;0;-0.453689;-0.837542;-1.44806;-2.17005;-2.97542;-3.85234;-4.7898;-5.77771;-6.80566;-7.86339;-8.94191;-10.0341;-11.1349;-12.2405;-13.3486;-14.4577;-15.5669;-16.6757;-17.7842;-18.8922;-20;-20;-20;-20;-20;-20;-20;-20;-20;-20;-20;-20;-20;-20;-20;-20;-20;-20;-20;-20;-20;-20;-20;-20;-20;-20
20;20;20;20;20;20;20;20;20;20;20;20;20;20;20;20;20;20;20;20;20;20;20;20;20;18.9841;17.9677;16.9502;15.9312;14.9104;13.8873;12.8618;11.8339;10.8042;9.77338;8.74341;7.71732;6.70005;5.69904;4.72456;3.78885;2.90364;2.07826;1.32435;0.640014;0;0;0;0;0;0;0;0;0;0;0;-0.742633;-1.52248;-2.37279;-3.29792;-4.28614;-5.3279;-6.41075;-7.5215;-8.6491;-9.78557;-10.9257;-12.0663;-13.2057;-14.3429;-15.4778;-16.6105;-17.7414;-18.871;-20;-20;-20;-20;-20;-20;-20;-20;-20;-20;-20;-20;-20;-20;-20;-20;-20;-20;-20;-20;-20;-20;-20;-20;-20;-20
20;20;20;20;20;20;20;20;20;20;20;20;20;20;20;20;20;20;20;20;20;20;20;20;20;18.971;17.9412;16.9097;15.8759;14.839;13.7981;12.7527;11.7022;10.6463;9.58516;8.51954;7.45158;6.38564;5.32967;4.29668;3.30414;2.36757;1.49134;0.703921;0;0;0;0;0;0;0;0;0;0;0;0;0;-0.804453;-1.69534;-2.68042;-3.72897;-4.83702;-5.98797;-7.1628;-8.34744;-9.53337;-10.7161;-11.8934;-13.0649;-14.2305;-15.391;-16.5472;-17.7;-18.8506;-20;-20;-20;-20;-20;-20;-20;-20;-20;-20;-20;-20;-20;-20;-20;-20;-20;-20;-20;-20;-20;-20;-20;-20;-20;-20
20;20;20;20;20;20;20;20;20;20;20;20;20;20;20;20;20;20;20;20;20;20;20;20;20;18.9587;17.9163;16.8717;15.8238;14.7715;13.7135;12.6487;11.5759;10.4938;9.40144;8.29805;7.18387;6.06128;4.93736;3.82837;2.76351;1.77117;0.815628;0;0;0;0;0;0;0;0;0;0;0;0;0;0;0;-0.923702;-1.99947;-3.11231;-4.30328;-5.54131;-6.79431;-8.04452;-9.28442;-10.5117;-11.7265;-12.9299;-14.1234;-15.3085;-16.4871;-17.6608;-18.8312;-20;-20;-20;-20;-20;-20;-20;-20;-20;-20;-20;-20;-20;-20;-20;-20;-20;-20;-20;-20;-20;-20;-20;-20;-20;-20
20;20;20;20;20;20;20;20;20;20;20;20;20;20;20;20;20;20;20;20;20;20;20;20;20;18.9475;17.8936;16.837;15.7762;14.7097;13.6358;12.5529;11.4589;10.3517;9.22876;8.08738;6.92462;5.7383;4.53014;3.31596;2.15035;1.138;0;0;0;0;0;0;0;0;0;0;0;0;0;0;0;0;0;-1.28147;-2.41754;-3.72247;-5.07971;-6.42862;-7.75193;-9.0481;-10.3199;-11.571;-12.8048;-14.0245;-15.2327;-16.432;-17.6249;-18.8135;-20;-20;-20;-20;-20;-20;-20;-20;-20;-20;-20;-20;-20;-20;-20;-20;-20;-20;-20;-20;-20;-20;-20;-20;-20;-20
20;20;20;20;20;20;20;20;20;20;20;20;20;20;20;20;20;20;20;20;20;20;20;20;20;18.9377;17.8737;16.8065;15.7342;14.6552;13.5672;12.4681;11.3551;10.2253;9.07459;7.89812;6.68896;5.43718;4.12898;2.75499;1.38396;0.630489;0;0;0;0;0;0;0;0;0;0;0;0;0;0;0;0;0;-0.70885;-1.55394;-3.08936;-4.62645;-6.08855;-7.4865;-8.83612;-10.1489;-11.4329;-12.694;-13.937;-15.1657;-16.3834;-17.5932;-18.7979;-20;-20;-20;-20;-20;-20;-20;-20;-20;-20;-20;-20;-20;-20;-20;-20;-20;-20;-20;-20;-20;-20;-20;-20;-20;-20
20;20;20;20;20;20;20;20;20;20;20;20;20;20;20;20;20;20;20;20;20;20;20;20;20;18.9294;17.857;16.781;15.6992;14.6096;13.5098;12.3971;11.2684;10.1197;8.94626;7.74156;6.49596;5.19252;3.79362;2.19109;0;0;0;0;0;0;0;0;0;0;0;0;0;0;0;0;0;0;0;0;0;-2.45457;-4.2482;-5.81264;-7.26941;-8.661;-10.0067;-11.3176;-12.6014;-13.8638;-15.1096;-16.3427;-17.5667;-18.7848;-20;-20;-20;-20;-20;-20;-20;-20;-20;-20;-20;-20;-20;-20;-20;-20;-20;-20;-20;-20;-20;-20;-20;-20;-20;-20
20;20;20;20;20;20;20;20;20;20;20;20;20;20;20;20;20;20;20;20;20;20;20;20;20;18.9231;17.8441;16.7611;15.672;14.5743;13.4654;12.3423;11.2015;10.0389;8.84921;7.62595;6.36083;5.04332;3.6619;2.21576;0.790027;0;0;0;0;0;0;0;0;0;0;0;0;0;0;0;0;0;0;0;-0.88444;-2.48075;-4.09916;-5.64439;-7.11754;-8.5318;-9.89922;-11.2294;-12.5301;-13.8073;-15.0662;-16.3112;-17.5462;-18.7747;-20;-20;-20;-20;-20;-20;-20;-20;-20;-20;-20;-20;-20;-20;-20;-20;-20;-20;-20;-20;-20;-20;-20;-20;-20;-20
20;20;20;20;20;20;20;20;20;20;20;20;20;20;20;20;20;20;20;20;20;20;20;20;20;18.9187;17.8352;16.7475;15.6533;14.5501;13.4351;12.3052;11.1566;9.98522;8.78575;7.55223;6.27809;4.95808;3.59492;2.22003;0.944353;0;0;0;0;0;0;0;0;0;0;0;0;0;0;0;0;0;0;0;-1.05701;-2.48482;-4.0233;-5.54824;-7.02457;-8.44944;-9.829;-11.1709;-12.4822;-13.769;-15.0367;-16.2897;-17.5321;-18.7678;-20;-20;-20;-20;-20;-20;-20;-20;-20;-20;-20;-20;-20;-20;-20;-20;-20;-20;-20;-20;-20;-20;-20;-20;-20;-20
20;20;20;20;20;20;20;20;20;20;20;20;20;20;20;20;20;20;20;20;20;20;20;20;20;18.9164;17.8306;16.7405;15.6437;14.5377;13.4198;12.2866;11.1347;9.9596;8.75638;7.51914;6.24126;4.916;3.53968;2.12509;0.76736;0;0;0;0;0;0;0;0;0;0;0;0;0;0;0;0;0;0;0;-0.858805;-2.37821;-3.96101;-5.50071;-6.98308;-8.41241;-9.79646;-11.1429;-12.4588;-13.75;-15.0218;-16.2787;-17.5249;-18.7642;-20;-20;-20;-20;-20;-20;-20;-20;-20;-20;-20;-20;-20;-20;-20;-20;-20;-20;-20;-20;-20;-20;-20;-20;-20;-20
20;20;20;20;20;20;20;20;20;20;20;20;20;20;20;20;20;20;20;20;20;20;20;20;20;18.9162;17.8303;16.7401;15.6433;14.5374;13.4197;12.287;11.1359;9.96214;8.76104;7.52675;6.25181;4.925;3.52272;1.9733;0;0;0;0;0;0;0;0;0;0;0;0;0;0;0;0;0;0;0;0;0;-2.2082;-3.94182;-5.51052;-6.99463;-8.42068;-9.80149;-11.1457;-12.46;-13.7504;-15.0217;-16.2785;-17.5247;-18.7641;-20;-20;-20;-20;-20;-20;-20;-20;-20;-20;-20;-20;-20;-20;-20;-20;-20;-20;-20;-20;-20;-20;-20;-20;-20;-20
20;20;20;20;20;20;20;20;20;20;20;20;20;20;20;20;20;20;20;20;20;20;20;20;20;18.9182;17.8344;16.7464;15.652;14.5489;13.4345;12.3058;11.1596;9.99211;8.79894;7.57501;6.31427;5.00948;3.65294;2.24538;0.857412;0;0;0;0;0;0;0;0;0;0;0;0;0;0;0;0;0;0;0;-0.959608;-2.51277;-4.08756;-5.60495;-7.06424;-8.4742;-9.84316;-11.1782;-12.4853;-13.7698;-15.0363;-16.2889;-17.5314;-18.7673;-20;-20;-20;-20;-20;-20;-20;-20;-20;-20;-20;-20;-20;-20;-20;-20;-20;-20;-20;-20;-20;-20;-20;-20;-20;-20
20;20;20;20;20;20;20;20;20;20;20;20;20;20;20;20;20;20;20;20;20;20;20;20;20;18.9223;17.8426;16.759;15.6695;14.5718;13.4636;12.3422;11.2047;10.0478;8.86762;7.66012;6.4208;5.14572;3.83419;2.49789;1.18427;0;0;0;0;0;0;0;0;0;0;0;0;0;0;0;0;0;0;0;-1.32566;-2.79573;-4.29069;-5.75749;-7.18319;-8.56873;-9.91878;-11.2386;-12.5333;-13.8073;-15.0647;-16.3093;-17.5446;-18.7738;-20;-20;-20;-20;-20;-20;-20;-20;-20;-20;-20;-20;-20;-20;-20;-20;-20;-20;-20;-20;-20;-20;-20;-20;-20;-20
20;20;20;20;20;20;20;20;20;20;20;20;20;20;20;20;20;20;20;20;20;20;20;20;20;18.9282;17.8547;16.7776;15.6951;14.6053;13.5059;12.3948;11.2693;10.1266;8.96369;7.77706;6.56314;5.31842;4.04022;2.72774;1.38178;0;0;0;0;0;0;0;0;0;0;0;0;0;0;0;0;0;0;0;-1.54731;-3.0538;-4.52201;-5.95115;-7.34232;-8.69875;-10.0246;-11.3243;-12.6019;-13.8613;-15.1059;-16.3392;-17.564;-18.7834;-20;-20;-20;-20;-20;-20;-20;-20;-20;-20;-20;-20;-20;-20;-20;-20;-20;-20;-20;-20;-20;-20;-20;-20;-20;-20
20;20;20;20;20;20;20;20;20;20;20;20;20;20;20;20;20;20;20;20;20;20;20;20;20;18.936;17.8704;16.8017;15.7282;14.6483;13.5601;12.4617;11.3511;10.2258;9.08348;7.92133;6.7363;5.52462;4.28056;2.99109;1.6151;0;0;0;0;0;0;0;0;0;0;0;0;0;0;0;0;0;0;0;-1.80978;-3.35017;-4.79239;-6.18278;-7.53619;-8.85933;-10.1567;-11.432;-12.6888;-13.93;-15.1586;-16.3774;-17.5889;-18.7956;-20;-20;-20;-20;-20;-20;-20;-20;-20;-20;-20;-20;-20;-20;-20;-20;-20;-20;-20;-20;-20;-20;-20;-20;-20;-20
20;20;20;20;20;20;20;20;20;20;20;20;20;20;20;20;20;20;20;20;20;20;20;20;20;18.9452;17.8892;16.8304;15.7677;14.6995;13.6245;12.541;11.4474;10.3421;9.22311;8.08853;6.93613;5.76323;4.56632;3.34098;2.08755;0.854753;0;0;0;0;0;0;0;0;0;0;0;0;0;0;0;0;0;-0.959824;-2.34166;-3.7447;-5.11463;-6.45142;-7.76035;-9.04571;-10.3108;-11.5584;-12.7911;-14.0113;-15.2211;-16.4228;-17.6185;-18.8103;-20;-20;-20;-20;-20;-20;-20;-20;-20;-20;-20;-20;-20;-20;-20;-20;-20;-20;-20;-20;-20;-20;-20;-20;-20;-20
20;20;20;20;20;20;20;20;20;20;20;20;20;20;20;20;20;20;20;20;20;20;20;20;20;18.9558;17.9106;16.8633;15.8127;14.7577;13.6973;12.6304;11.5556;10.472;9.3784;8.27359;7.15648;6.02589;4.88053;3.71898;2.53938;1.33147;0;0;0;0;0;0;0;0;0;0;0;0;0;0;0;0;0;-1.49764;-2.85233;-4.17236;-5.47001;-6.74792;-8.0081;-9.25238;-10.4824;-11.6998;-12.9061;-14.1029;-15.2918;-16.4743;-17.6522;-18.8269;-20;-20;-20;-20;-20;-20;-20;-20;-20;-20;-20;-20;-20;-20;-20;-20;-20;-20;-20;-20;-20;-20;-20;-20;-20;-20
20;20;20;20;20;20;20;20;20;20;20;20;20;20;20;20;20;20;20;20;20;20;20;20;20;18.9675;17.9343;16.8993;15.862;14.8214;13.7768;12.7275;11.6728;10.6121;9.54488;8.47099;7.39036;6.30336;5.21094;4.11507;3.01954;1.93175;0.874366;0;0;0;0;0;0;0;0;0;0;0;0;0;0;0;-0.989064;-2.17842;-3.39768;-4.62243;-5.84514;-7.06217;-8.27178;-9.47331;-10.6667;-11.8522;-13.0305;-14.2024;-15.3687;-16.5306;-17.689;-18.8451;-20;-20;-20;-20;-20;-20;-20;-20;-20;-20;-20;-20;-20;-20;-20;-20;-20;-20;-20;-20;-20;-20;-20;-20;-20;-20
20;20;20;20;20;20;20;20;20;20;20;20;20;20;20;20;20;20;20;20;20;20;20;20;20;18.98;17.9595;16.9379;15.9146;14.8891;13.8611;12.8301;11.7959;10.7586;9.71814;8.67517;7.63066;6.58629;5.54484;4.51086;3.49197;2.50163;1.56572;0.733144;0;0;0;0;0;0;0;0;0;0;0;0;0;-0.836804;-1.77784;-2.8293;-3.93755;-5.07455;-6.22597;-7.38385;-8.54358;-9.70242;-10.8588;-12.0119;-13.1615;-14.3075;-15.4502;-16.5902;-17.7281;-18.8644;-20;-20;-20;-20;-20;-20;-20;-20;-20;-20;-20;-20;-20;-20;-20;-20;-20;-20;-20;-20;-20;-20;-20;-20;-20;-20
20;20;20;20;20;20;20;20;20;20;20;20;20;20;20;20;20;20;20;20;20;20;20;20;20;18.9931;17.9859;16.9781;15.9693;14.9595;13.9483;12.9359;11.9224;10.9082;9.89398;8.88095;7.87085;6.86633;5.87131;4.89159;3.93587;3.01711;2.15377;1.36686;0.657664;0;0;0;0;0;0;0;0;0;0;0;-0.762061;-1.56938;-2.45622;-3.4234;-4.44869;-5.51228;-6.60036;-7.70372;-8.81628;-9.934;-11.0542;-12.1752;-13.296;-14.4158;-15.5345;-16.6521;-17.7687;-18.8845;-20;-20;-20;-20;-20;-20;-20;-20;-20;-20;-20;-20;-20;-20;-20;-20;-20;-20;-20;-20;-20;-20;-20;-20;-20;-20
20;20;20;20;20;20;20;20;20;20;20;20;20;20;20;20;20;20;20;20;20;20;20;20;20;19.0066;18.013;17.0192;16.0253;15.0311;14.0368;13.0428;12.0496;11.0578;10.0687;9.08384;8.10552;7.13694;6.18251;5.24836;4.34286;3.4772;2.66541;1.92288;1.2638;0.714808;0.376823;0;0;0;0;0;0;0;-0.460991;-0.852825;-1.47887;-2.22244;-3.05426;-3.95942;-4.92153;-5.92555;-6.9595;-8.01443;-9.08385;-10.1631;-11.2489;-12.3388;-13.4313;-14.5253;-15.62;-16.715;-17.81;-18.905;-20;-20;-20;-20;-20;-20;-20;-20;-20;-20;-20;-20;-20;-20;-20;-20;-20;-20;-20;-20;-20;-20;-20;-20;-20;-20
20;20;20;20;20;20;20;20;20;20;20;20;20;20;20;20;20;20;20;20;20;20;20;20;20;19.0201;18.0403;17.0607;16.0814;15.1028;14.1252;13.1491;12.1753;11.2049;10.2392;9.28025;8.33052;7.39344;6.47349;5.57652;4.71006;3.88346;3.10782;2.39547;1.75987;1.21862;0.79249;0.440098;0.233248;0.0786368;-0.0588623;-0.198865;-0.362236;-0.589452;-0.991144;-1.47144;-2.07817;-2.78728;-3.57898;-4.43851;-5.3525;-6.30893;-7.29769;-8.31067;-9.34161;-10.3857;-11.4394;-12.4999;-13.5653;-14.6341;-15.7052;-16.7778;-17.8514;-18.9256;-20;-20;-20;-20;-20;-20;-20;-20;-20;-20;-20;-20;-20;-20;-20;-20;-20;-20;-20;-20;-20;-20;-20;-20;-20;-20
20;20;20;20;20;20;20;20;20;20;20;20;20;20;20;20;20;20;20;20;20;20;20;20;20;19.0335;18.0674;17.1017;16.137;15.1736;14.212;13.2531;12.2978;11.3473;10.4031;9.46747;8.54293;7.63287;6.74154;5.87424;5.03744;4.23879;3.48698;2.79136;2.16162;1.60732;1.13443;0.734665;0.414262;0.140166;-0.115219;-0.374362;-0.66063;-1.00443;-1.4427;-1.96364;-2.57511;-3.26956;-4.03588;-4.86317;-5.74106;-6.66002;-7.61168;-8.589;-9.58625;-10.5988;-11.6231;-12.6562;-13.6959;-14.7406;-15.7888;-16.8397;-17.8922;-18.9458;-20;-20;-20;-20;-20;-20;-20;-20;-20;-20;-20;-20;-20;-20;-20;-20;-20;-20;-20;-20;-20;-20;-20;-20;-20;-20
20;20;20;20;20;20;20;20;20;20;20;20;20;20;20;20;20;20;20;20;20;20;20;20;20;19.0468;18.0939;17.1419;16.1912;15.2425;14.2963;13.3536;12.4155;11.4833;10.5586;9.64365;8.74092;7.85363;6.98562;6.14153;5.32673;4.54735;3.80999;3.1214;2.48795;1.91466;1.40327;0.949884;0.548979;0.18299;-0.167816;-0.522733;-0.901494;-1.32496;-1.81159;-2.36533;-2.98909;-3.67999;-4.43185;-5.23727;-6.08859;-6.97844;-7.90005;-8.84745;-9.8156;-10.8002;-11.7979;-12.8058;-13.8216;-14.8435;-15.87;-16.8998;-17.932;-18.9656;-20;-20;-20;-20;-20;-20;-20;-20;-20;-20;-20;-20;-20;-20;-20;-20;-20;-20;-20;-20;-20;-20;-20;-20;-20;-20
20;20;20;20;20;20;20;20;20;20;20;20;20;20;20;20;20;20;20;20;20;20;20;20;20;19.0596;18.1197;17.1808;16.2436;15.3088;14.3772;13.4497;12.5274;11.6118;10.7045;9.80765;8.92356;8.05517;7.20587;6.37957;5.58068;4.81394;4.08427;3.39636;2.75415;2.16012;1.61414;1.11264;0.648796;0.21064;-0.216299;-0.647261;-1.09766;-1.58234;-2.1134;-2.697;-3.33596;-4.02951;-4.77429;-5.56549;-6.39765;-7.26516;-8.16265;-9.08522;-10.0285;-10.9887;-11.9626;-12.9476;-13.9413;-14.9419;-15.9478;-16.9576;-17.9702;-18.9847;-20;-20;-20;-20;-20;-20;-20;-20;-20;-20;-20;-20;-20;-20;-20;-20;-20;-20;-20;-20;-20;-20;-20;-20;-20;-20
20;20;20;20;20;20;20;20;20;20;20;20;20;20;20;20;20;20;20;20;20;20;20;20;20;19.0719;18.1443;17.2181;16.2937;15.3721;14.454;13.5405;12.6327;11.7321;10.8402;9.95893;9.09058;8.2377;7.40319;6.5903;5.80253;5.04354;4.31686;3.62565;2.97223;2.35756;1.78057;1.23776;0.722943;0.227085;-0.260754;-0.752355;-1.25955;-1.79334;-2.36269;-2.97335;-3.62827;-4.32782;-5.07034;-5.8528;-6.67139;-7.52193;-8.40024;-9.30232;-10.2245;-11.1635;-12.1164;-13.0806;-14.0541;-15.035;-16.0216;-17.0126;-18.0067;-19.0029;-20;-20;-20;-20;-20;-20;-20;-20;-20;-20;-20;-20;-20;-20;-20;-20;-20;-20;-20;-20;-20;-20;-20;-20;-20;-20
20;20;20;20;20;20;20;20;20;20;20;20;20;20;20;20;20;20;20;20;20;20;20;20;20;19.0836;18.1678;17.2534;16.3412;15.4318;14.5263;13.6256;12.7309;11.8436;10.9652;10.0974;9.24224;8.40194;7.57897;6.77597;5.9957;5.24089;4.51405;3.81721;3.15162;2.51734;1.91288;1.3349;0.778154;0.235524;-0.301442;-0.841859;-1.39484;-1.9688;-2.5707;-3.20546;-3.87598;-4.58321;-5.3265;-6.10404;-6.91322;-7.75099;-8.61411;-9.49938;-10.4038;-11.3244;-12.2587;-13.2045;-14.1596;-15.1224;-16.0911;-17.0645;-18.0412;-19.0201;-20;-20;-20;-20;-20;-20;-20;-20;-20;-20;-20;-20;-20;-20;-20;-20;-20;-20;-20;-20;-20;-20;-20;-20;-20;-20
20;20;20;20;20;20;20;20;20;20;20;20;20;20;20;20;20;20;20;20;20;20;20;20;20;19.0946;18.1899;17.2867;16.3857;15.4878;14.5938;13.7048;12.8219;11.9464;11.0797;10.2233;9.37912;8.54895;7.73487;6.939;6.16349;5.41035;4.68129;3.97759;3.29977;2.64737;2.01874;1.41085;0.819272;0.238313;-0.338671;-0.9188;-1.50917;-2.11634;-2.74586;-3.40186;-4.08702;-4.80256;-5.54846;-6.3237;-7.12653;-7.95474;-8.80589;-9.67741;-10.5668;-11.4717;-12.3897;-13.319;-14.2576;-15.2038;-16.1561;-17.1131;-18.0735;-19.0362;-20;-20;-20;-20;-20;-20;-20;-20;-20;-20;-20;-20;-20;-20;-20;-20;-20;-20;-20;-20;-20;-20;-20;-20;-20;-20
20;20;20;20;20;20;20;20;20;20;20;20;20;20;20;20;20;20;20;20;20;20;20;20;20;19.105;18.2106;17.3178;16.4273;15.5398;14.6564;13.778;12.9056;12.0405;11.1839;10.3372;9.50205;8.67996;7.87264;7.08178;6.30901;5.55579;4.82327;4.11216;3.42254;2.75367;2.1039;1.47051;0.849801;0.237142;-0.37275;-0.9855;-1.60671;-2.24157;-2.89455;-3.56914;-4.26772;-4.99161;-5.74114;-6.51582;-7.31451;-8.13564;-8.97735;-9.83764;-10.7144;-11.6058;-12.5096;-13.4243;-14.348;-15.2791;-16.2163;-17.1583;-18.1036;-19.0513;-20;-20;-20;-20;-20;-20;-20;-20;-20;-20;-20;-20;-20;-20;-20;-20;-20;-20;-20;-20;-20;-20;-20;-20;-20;-20
20;20;20;20;20;20;20;20;20;20;20;20;20;20;20;20;20;20;20;20;20;20;20;20;20;19.1146;18.2299;17.3467;16.4658;15.588;14.7141;13.8452;12.9821;12.1261;11.2782;10.4398;9.612;8.79631;7.99405;7.20657;6.43508;5.68062;4.94392;4.22533;3.52462;2.84095;2.17271;1.51754;0.872305;0.233222;-0.403964;-1.04375;-1.6906;-2.34869;-3.02167;-3.71245;-4.42316;-5.15508;-5.90874;-6.68398;-7.48011;-8.29601;-9.13031;-9.98141;-10.8476;-11.7273;-12.6188;-13.5205;-14.4309;-15.3485;-16.2719;-17.2;-18.1315;-19.0652;-20;-20;-20;-20;-20;-20;-20;-20;-20;-20;-20;-20;-20;-20;-20;-20;-20;-20;-20;-20;-20;-20;-20;-20;-20;-20
20;20;20;20;20;20;20;20;20;20;20;20;20;20;20;20;20;20;20;20;20;20;20;20;20;19.1235;18.2476;17.3733;16.5012;15.6322;14.767;13.9065;13.0518;12.2037;11.3633;10.5317;9.70998;8.89933;8.10081;7.31547;6.54421;5.78777;5.04656;4.32068;3.60974;2.91285;2.22852;1.55468;0.888683;0.227422;-0.432572;-1.09493;-1.76326;-2.44096;-3.13101;-3.83588;-4.55743;-5.29686;-6.05481;-6.83132;-7.626;-8.43808;-9.26653;-10.1101;-10.9675;-11.8372;-12.7179;-13.6082;-14.5066;-15.412;-16.323;-17.2384;-18.1571;-19.078;-20;-20;-20;-20;-20;-20;-20;-20;-20;-20;-20;-20;-20;-20;-20;-20;-20;-20;-20;-20;-20;-20;-20;-20;-20;-20
20;20;20;20;20;20;20;20;20;20;20;20;20;20;20;20;20;20;20;20;20;20;20;20;20;19.1316;18.264;17.3977;16.5337;15.6726;14.8152;13.9623;13.1148;12.2736;11.4397;10.6138;9.79705;8.99032;8.19449;7.41038;6.63865;5.87977;5.13397;4.40117;3.68089;2.97225;2.27389;1.584;0.900361;0.220373;-0.458807;-1.14014;-1.82658;-2.5209;-3.22557;-3.94269;-4.67386;-5.4202;-6.18237;-6.96056;-7.75456;-8.56386;-9.3877;-10.2251;-11.075;-11.9362;-12.8075;-13.6877;-14.5755;-15.4699;-16.3696;-17.2736;-18.1806;-19.0898;-20;-20;-20;-20;-20;-20;-20;-20;-20;-20;-20;-20;-20;-20;-20;-20;-20;-20;-20;-20;-20;-20;-20;-20;-20;-20
20;20;20;20;20;20;20;20;20;20;20;20;20;20;20;20;20;20;20;20;20;20;20;20;20;19.1391;18.2789;17.4201;16.5633;15.7093;14.8589;14.0128;13.1717;12.3365;11.508;10.687;9.87421;9.07052;8.27659;7.49304;6.72034;5.95879;5.20849;4.46922;3.74049;3.02143;2.31083;1.60713;0.908418;0.212534;-0.482878;-1.18026;-1.88204;-2.59051;-3.30773;-4.03548;-4.77516;-5.52779;-6.294;-7.07405;-7.8679;-8.6752;-9.49538;-10.3277;-11.1713;-12.0251;-12.8882;-13.7595;-14.638;-15.5225;-16.412;-17.3056;-18.2021;-19.1005;-20;-20;-20;-20;-20;-20;-20;-20;-20;-20;-20;-20;-20;-20;-20;-20;-20;-20;-20;-20;-20;-20;-20;-20;-20;-20
20;20;20;20;20;20;20;20;20;20;20;20;20;20;20;20;20;20;20;20;20;20;20;20;20;19.1459;18.2925;17.4403;16.5902;15.7426;14.8985;14.0583;13.2228;12.3928;11.569;10.7519;9.94244;9.14108;8.34843;7.56495;6.79098;6.02669;5.27206;4.52683;3.79048;3.06222;2.34095;1.62531;0.91368;0.204242;-0.504971;-1.21599;-1.93082;-2.65138;-3.37941;-4.1164;-4.86358;-5.62186;-6.39184;-7.17384;-7.96787;-8.77373;-9.59101;-10.4191;-11.2573;-12.1049;-12.9609;-13.8244;-14.6944;-15.5701;-16.4505;-17.3347;-18.2216;-19.1103;-20;-20;-20;-20;-20;-20;-20;-20;-20;-20;-20;-20;-20;-20;-20;-20;-20;-20;-20;-20;-20;-20;-20;-20;-20;-20
20;20;20;20;20;20;20;20;20;20;20;20;20;20;20;20;20;20;20;20;20;20;20;20;20;19.1521;18.3048;17.4587;16.6145;15.7727;14.9341;14.0992;13.2686;12.4431;11.6232;10.8095;10.0026;9.20306;8.41123;7.62748;6.85206;6.08504;5.32634;4.57565;3.83248;3.09608;2.36549;1.63952;0.916786;0.195744;-0.525254;-1.24791;-1.9739;-2.70483;-3.44217;-4.18719;-4.94096;-5.7043;-6.47776;-7.26167;-8.0561;-8.86095;-9.6759;-10.5005;-11.3342;-12.1763;-13.026;-13.8827;-14.7453;-15.6132;-16.4853;-17.361;-18.2392;-19.1192;-20;-20;-20;-20;-20;-20;-20;-20;-20;-20;-20;-20;-20;-20;-20;-20;-20;-20;-20;-20;-20;-20;-20;-20;-20;-20
20;20;20;20;20;20;20;20;20;20;20;20;20;20;20;20;20;20;20;20;20;20;20;20;20;19.1576;18.3159;17.4752;16.6363;15.7997;14.966;14.1358;13.3095;12.4879;11.6713;10.8605;10.0557;9.25743;8.46606;7.68182;6.90486;6.1352;5.3727;4.61705;3.86778;3.12421;2.38548;1.65055;0.918233;0.187223;-0.543877;-1.2765;-2.01205;-2.7519;-3.49728;-4.24929;-5.00885;-5.77669;-6.55332;-7.33905;-8.13402;-8.93815;-9.75123;-10.5729;-11.4027;-12.2401;-13.0844;-13.935;-14.7911;-15.6519;-16.5167;-17.3848;-18.2552;-19.1272;-20;-20;-20;-20;-20;-20;-20;-20;-20;-20;-20;-20;-20;-20;-20;-20;-20;-20;-20;-20;-20;-20;-20;-20;-20;-20
20;20;20;20;20;20;20;20;20;20;20;20;20;20;20;20;20;20;20;20;20;20;20;20;20;19.1627;18.3258;17.4901;16.656;15.824;14.9946;14.1684;13.3459;12.5276;11.714;10.9054;10.1023;9.30506;8.51389;7.72901;6.95049;6.17831;5.41231;4.65219;3.89748;3.14758;2.40172;1.65901;0.918409;0.17881;-0.560976;-1.30216;-2.04594;-2.79347;-3.54581;-4.3039;-5.06854;-5.84036;-6.61985;-7.4073;-8.20286;-9.0065;-9.81807;-10.6373;-11.4638;-12.2971;-13.1367;-13.9819;-14.8321;-15.6867;-16.545;-17.4062;-18.2695;-19.1344;-20;-20;-20;-20;-20;-20;-20;-20;-20;-20;-20;-20;-20;-20;-20;-20;-20;-20;-20;-20;-20;-20;-20;-20;-20;-20
20;20;20;20;20;20;20;20;20;20;20;20;20;20;20;20;20;20;20;20;20;20;20;20;20;19.1671;18.3348;17.5034;16.6735;15.8456;15.0201;14.1975;13.3783;12.5629;11.7517;10.945;10.1433;9.34674;8.55559;7.76996;6.98991;6.21537;5.44617;4.682;3.92246;3.16697;2.41488;1.66539;0.917622;0.170604;-0.576672;-1.32524;-2.07611;-2.83028;-3.58865;-4.35202;-5.1211;-5.89646;-6.67851;-7.46755;-8.26371;-9.06702;-9.87735;-10.6945;-11.5182;-12.3479;-13.1833;-14.0238;-14.8689;-15.718;-16.5703;-17.4254;-18.2825;-19.1409;-20;-20;-20;-20;-20;-20;-20;-20;-20;-20;-20;-20;-20;-20;-20;-20;-20;-20;-20;-20;-20;-20;-20;-20;-20;-20
20;20;20;20;20;20;20;20;20;20;20;20;20;20;20;20;20;20;20;20;20;20;20;20;20;19.1712;18.3428;17.5153;16.6892;15.8649;15.0428;14.2234;13.407;12.5941;11.7849;10.9799;10.1792;9.38316;8.59189;7.80548;7.02395;6.24721;5.47509;4.70731;3.94346;3.18306;2.42551;1.67012;0.916115;0.162673;-0.591077;-1.34602;-2.10302;-2.86293;-3.62652;-4.39451;-5.16748;-5.94595;-6.73029;-7.52077;-8.31753;-9.12061;-9.92993;-10.7453;-11.5665;-12.3932;-13.225;-14.0613;-14.9018;-15.7459;-16.5931;-17.4426;-18.2941;-19.1467;-20;-20;-20;-20;-20;-20;-20;-20;-20;-20;-20;-20;-20;-20;-20;-20;-20;-20;-20;-20;-20;-20;-20;-20;-20;-20
20;20;20;20;20;20;20;20;20;20;20;20;20;20;20;20;20;20;20;20;20;20;20;20;20;19.1748;18.3499;17.5259;16.7032;15.8821;15.063;14.2463;13.4324;12.6216;11.8142;11.0105;10.2107;9.41495;8.62347;7.83626;7.05333;6.27457;5.49981;4.72877;3.96111;3.19638;2.43404;1.6735;0.91408;0.155067;-0.604289;-1.36475;-2.12706;-2.89194;-3.66007;-4.43207;-5.20844;-5.98965;-6.77602;-7.56781;-8.36514;-9.16807;-9.97655;-10.7904;-11.6095;-12.4335;-13.262;-14.0948;-14.9312;-15.7709;-16.6134;-17.4581;-18.3044;-19.1519;-20;-20;-20;-20;-20;-20;-20;-20;-20;-20;-20;-20;-20;-20;-20;-20;-20;-20;-20;-20;-20;-20;-20;-20;-20;-20
20;20;20;20;20;20;20;20;20;20;20;20;20;20;20;20;20;20;20;20;20;20;20;20;20;19.1779;18.3563;17.5354;16.7156;15.8973;15.0808;14.2666;13.4548;12.6458;11.8399;11.0373;10.2382;9.44267;8.65092;7.86292;7.07867;6.29806;5.52091;4.74697;3.97593;3.20738;2.44085;1.67581;0.911673;0.14782;-0.616398;-1.38164;-2.14855;-2.91775;-3.68983;-4.46531;-5.24467;-6.02828;-6.81645;-7.6094;-8.40727;-9.21011;-10.0179;-10.8305;-11.6477;-12.4693;-13.2951;-14.1246;-14.9574;-15.7932;-16.6316;-17.4719;-18.3137;-19.1566;-20;-20;-20;-20;-20;-20;-20;-20;-20;-20;-20;-20;-20;-20;-20;-20;-20;-20;-20;-20;-20;-20;-20;-20;-20;-20
20;20;20;20;20;20;20;20;20;20;20;20;20;20;20;20;20;20;20;20;20;20;20;20;20;19.1808;18.3619;17.5437;16.7265;15.9107;15.0966;14.2844;13.4745;12.6671;11.8625;11.0608;10.2622;9.46682;8.67475;7.88599;7.10051;6.31821;5.53891;4.76239;3.98836;3.21644;2.44623;1.67726;0.909016;0.140954;-0.627488;-1.39688;-2.16778;-2.94073;-3.71624;-4.49477;-5.27672;-6.06244;-6.8522;-7.6462;-8.44456;-9.24733;-10.0545;-10.866;-11.6816;-12.5012;-13.3244;-14.1511;-14.9808;-15.8131;-16.6477;-17.4842;-18.322;-19.1608;-20;-20;-20;-20;-20;-20;-20;-20;-20;-20;-20;-20;-20;-20;-20;-20;-20;-20;-20;-20;-20;-20;-20;-20;-20;-20
20;20;20;20;20;20;20;20;20;20;20;20;20;20;20;20;20;20;20;20;20;20;20;20;20;19.1833;18.3669;17.5511;16.7362;15.9226;15.1105;14.3002;13.4919;12.6858;11.8823;11.0813;10.2831;9.48782;8.69541;7.90593;7.11932;6.33549;5.55426;4.77544;3.99876;3.22388;2.45045;1.67804;0.906208;0.134482;-0.637632;-1.41063;-2.18499;-2.9612;-3.7397;-4.52088;-5.3051;-6.09267;-6.88382;-7.67875;-8.47755;-9.28029;-10.0869;-10.8975;-11.7117;-12.5295;-13.3505;-14.1747;-15.0016;-15.8308;-16.6622;-17.4952;-18.3294;-19.1645;-20;-20;-20;-20;-20;-20;-20;-20;-20;-20;-20;-20;-20;-20;-20;-20;-20;-20;-20;-20;-20;-20;-20;-20;-20;-20
20;20;20;20;20;20;20;20;20;20;20;20;20;20;20;20;20;20;20;20;20;20;20;20;20;19.1855;18.3713;17.5576;16.7448;15.9331;15.1228;14.314;13.5071;12.7022;11.8996;11.0992;10.3014;9.50606;8.71332;7.92315;7.1355;6.35028;5.56734;4.78647;4.00744;3.22996;2.4537;1.67829;0.903328;0.128411;-0.646897;-1.42303;-2.20041;-2.97945;-3.76054;-4.54403;-5.33023;-6.11941;-6.91179;-7.70753;-8.50673;-9.30944;-10.1157;-10.9253;-11.7383;-12.5545;-13.3737;-14.1956;-15.02;-15.8466;-16.675;-17.5049;-18.336;-19.1678;-20;-20;-20;-20;-20;-20;-20;-20;-20;-20;-20;-20;-20;-20;-20;-20;-20;-20;-20;-20;-20;-20;-20;-20;-20;-20
20;20;20;20;20;20;20;20;20;20;20;20;20;20;20;20;20;20;20;20;20;20;20;20;20;19.1874;18.3751;17.5633;16.7523;15.9423;15.1335;14.3262;13.5205;12.7166;11.9147;11.1149;10.3172;9.52188;8.7288;7.938;7.14941;6.36294;5.57846;4.79578;4.01468;3.23491;2.45617;1.67813;0.90044;0.122743;-0.655344;-1.4342;-2.2142;-2.9957;-3.77905;-4.56455;-5.35248;-6.14307;-6.93653;-7.73298;-8.53253;-9.33523;-10.1411;-10.95;-11.7619;-12.5767;-13.3942;-14.2142;-15.0364;-15.8605;-16.6864;-17.5136;-18.3418;-19.1707;-20;-20;-20;-20;-20;-20;-20;-20;-20;-20;-20;-20;-20;-20;-20;-20;-20;-20;-20;-20;-20;-20;-20;-20;-20;-20
20;20;20;20;20;20;20;20;20;20;20;20;20;20;20;20;20;20;20;20;20;20;20;20;20;19.1891;18.3785;17.5684;16.7589;15.9504;15.1429;14.3368;13.5321;12.7291;11.9278;11.1284;10.331;9.53558;8.74218;7.95078;7.16134;6.37375;5.5879;4.80362;4.0207;3.23891;2.458;1.67766;0.897595;0.117476;-0.663029;-1.44425;-2.22653;-3.01017;-3.79548;-4.58273;-5.37216;-6.16399;-6.95838;-7.75546;-8.55532;-9.358;-10.1635;-10.9718;-11.7828;-12.5964;-13.4124;-14.2306;-15.0509;-15.8729;-16.6965;-17.5213;-18.347;-19.1733;-20;-20;-20;-20;-20;-20;-20;-20;-20;-20;-20;-20;-20;-20;-20;-20;-20;-20;-20;-20;-20;-20;-20;-20;-20;-20
20;20;20;20;20;20;20;20;20;20;20;20;20;20;20;20;20;20;20;20;20;20;20;20;20;19.1906;18.3815;17.5728;16.7647;15.9574;15.1511;14.346;13.5423;12.74;11.9393;11.1402;10.3429;9.54742;8.75371;7.96177;7.17155;6.38297;5.5959;4.8102;4.02568;3.24213;2.45931;1.67697;0.894833;0.112607;-0.670001;-1.45329;-2.23754;-3.02304;-3.81005;-4.59882;-5.38956;-6.18245;-6.97766;-7.77528;-8.57542;-9.37809;-10.1833;-10.991;-11.8012;-12.6137;-13.4284;-14.2451;-15.0637;-15.8838;-16.7054;-17.528;-18.3516;-19.1756;-20;-20;-20;-20;-20;-20;-20;-20;-20;-20;-20;-20;-20;-20;-20;-20;-20;-20;-20;-20;-20;-20;-20;-20;-20;-20
20;20;20;20;20;20;20;20;20;20;20;20;20;20;20;20;20;20;20;20;20;20;20;20;20;19.192;18.3841;17.5766;16.7697;15.9636;15.1583;14.3541;13.5511;12.7494;11.9492;11.1504;10.3532;9.55763;8.76363;7.9712;7.18029;6.39082;5.60267;4.81572;4.02979;3.24469;2.46022;1.67613;0.892187;0.108128;-0.676305;-1.46138;-2.24735;-3.03446;-3.82295;-4.61304;-5.40491;-6.19873;-6.99464;-7.79274;-8.59311;-9.39577;-10.2007;-11.008;-11.8174;-12.629;-13.4425;-14.2579;-15.075;-15.8935;-16.7132;-17.534;-18.3556;-19.1777;-20;-20;-20;-20;-20;-20;-20;-20;-20;-20;-20;-20;-20;-20;-20;-20;-20;-20;-20;-20;-20;-20;-20;-20;-20;-20
20;20;20;20;20;20;20;20;20;20;20;20;20;20;20;20;20;20;20;20;20;20;20;20;20;19.1931;18.3864;17.58;16.7741;15.9689;15.1645;14.3611;13.5588;12.7576;11.9577;11.1592;10.3621;9.56641;8.77213;7.97926;7.18773;6.39747;5.60838;4.82033;4.03317;3.24672;2.4608;1.67519;0.889682;0.104034;-0.681982;-1.4686;-2.25606;-3.04456;-3.83434;-4.62556;-5.41841;-6.21304;-7.00956;-7.80808;-8.60864;-9.4113;-10.216;-11.0228;-11.8317;-12.6424;-13.4549;-14.2692;-15.0849;-15.902;-16.7202;-17.5393;-18.3591;-19.1794;-20;-20;-20;-20;-20;-20;-20;-20;-20;-20;-20;-20;-20;-20;-20;-20;-20;-20;-20;-20;-20;-20;-20;-20;-20;-20
20;20;20;20;20;20;20;20;20;20;20;20;20;20;20;20;20;20;20;20;20;20;20;20;20;19.1941;18.3883;17.5829;16.7779;15.9735;15.1699;14.3672;13.5654;12.7647;11.9651;11.1668;10.3697;9.57393;8.77941;7.98613;7.19406;6.4031;5.61318;4.82417;4.03594;3.24831;2.46114;1.67421;0.887339;0.100316;-0.687068;-1.47503;-2.26376;-3.05347;-3.84435;-4.63656;-5.43026;-6.22558;-7.02263;-7.8215;-8.62224;-9.42488;-10.2294;-11.0359;-11.8441;-12.6541;-13.4658;-14.279;-15.0936;-15.9094;-16.7262;-17.5439;-18.3622;-19.181;-20;-20;-20;-20;-20;-20;-20;-20;-20;-20;-20;-20;-20;-20;-20;-20;-20;-20;-20;-20;-20;-20;-20;-20;-20;-20
20;20;20;20;20;20;20;20;20;20;20;20;20;20;20;20;20;20;20;20;20;20;20;20;20;19.1949;18.39;17.5854;16.7812;15.9775;15.1745;14.3724;13.5711;12.7707;11.9715;11.1733;10.3762;9.58035;8.7856;7.99197;7.19941;6.40785;5.6172;4.82735;4.03818;3.24955;2.46128;1.67322;0.885175;0.0969673;-0.691596;-1.4807;-2.27054;-3.06129;-3.85311;-4.64617;-5.4406;-6.23651;-7.03402;-7.83319;-8.63407;-9.4367;-10.2411;-11.0472;-11.855;-12.6643;-13.4752;-14.2876;-15.1011;-15.9158;-16.7315;-17.5479;-18.3649;-19.1824;-20;-20;-20;-20;-20;-20;-20;-20;-20;-20;-20;-20;-20;-20;-20;-20;-20;-20;-20;-20;-20;-20;-20;-20;-20;-20
20;20;20;20;20;20;20;20;20;20;20;20;20;20;20;20;20;20;20;20;20;20;20;20;20;19.1957;18.3915;17.5875;16.784;15.9809;15.1785;14.3768;13.5759;12.7759;11.9769;11.1788;10.3818;9.5858;8.79085;7.9969;7.20391;6.41182;5.62055;4.82998;4.04;3.25049;2.46129;1.67225;0.883202;0.0939788;-0.695593;-1.48569;-2.27647;-3.0681;-3.86073;-4.65451;-5.44956;-6.24599;-7.04388;-7.8433;-8.64431;-9.44693;-10.2512;-11.057;-11.8643;-12.6732;-13.4834;-14.295;-15.1077;-15.9214;-16.736;-17.5514;-18.3673;-19.1836;-20;-20;-20;-20;-20;-20;-20;-20;-20;-20;-20;-20;-20;-20;-20;-20;-20;-20;-20;-20;-20;-20;-20;-20;-20;-20
20;20;20;20;20;20;20;20;20;20;20;20;20;20;20;20;20;20;20;20;20;20;20;20;20;19.1963;18.3927;17.5893;16.7863;15.9838;15.1819;14.3806;13.58;12.7803;11.9814;11.1835;10.3864;9.59038;8.79525;8.00103;7.20768;6.41513;5.62331;4.83213;4.04146;3.2512;2.46121;1.67133;0.88143;0.0913434;-0.699085;-1.49001;-2.2816;-3.07398;-3.8673;-4.66169;-5.45727;-6.25412;-7.05234;-7.85199;-8.6531;-9.4557;-10.2598;-11.0654;-11.8724;-12.6808;-13.4904;-14.3013;-15.1133;-15.9262;-16.74;-17.5544;-18.3693;-19.1846;-20;-20;-20;-20;-20;-20;-20;-20;-20;-20;-20;-20;-20;-20;-20;-20;-20;-20;-20;-20;-20;-20;-20;-20;-20;-20
20;20;20;20;20;20;20;20;20;20;20;20;20;20;20;20;20;20;20;20;20;20;20;20;20;19.1968;18.3937;17.5909;16.7883;15.9862;15.1847;14.3837;13.5835;12.7839;11.9852;11.1874;10.3903;9.5942;8.79891;8.00446;7.21079;6.41786;5.62558;4.83387;4.04262;3.25173;2.46106;1.67049;0.879866;0.0890541;-0.702095;-1.49373;-2.28598;-3.07899;-3.87289;-4.6678;-5.46382;-6.26103;-7.05952;-7.85935;-8.66055;-9.46314;-10.2671;-11.0725;-11.8792;-12.6872;-13.4964;-14.3067;-15.118;-15.9303;-16.7433;-17.5569;-18.371;-19.1854;-20;-20;-20;-20;-20;-20;-20;-20;-20;-20;-20;-20;-20;-20;-20;-20;-20;-20;-20;-20;-20;-20;-20;-20;-20;-20
20;20;20;20;20;20;20;20;20;20;20;20;20;20;20;20;20;20;20;20;20;20;20;20;20;19.1972;18.3946;17.5921;16.79;15.9882;15.187;14.3863;13.5863;12.787;11.9884;11.1906;10.3935;9.59733;8.80191;8.00726;7.21333;6.42007;5.62741;4.83526;4.04353;3.25212;2.46089;1.66974;0.878518;0.0871045;-0.70464;-1.49685;-2.28966;-3.0832;-3.87757;-4.6729;-5.46928;-6.2668;-7.06552;-7.86549;-8.66676;-9.46934;-10.2732;-11.0784;-11.8849;-12.6925;-13.5013;-14.3112;-15.122;-15.9337;-16.746;-17.559;-18.3724;-19.1861;-20;-20;-20;-20;-20;-20;-20;-20;-20;-20;-20;-20;-20;-20;-20;-20;-20;-20;-20;-20;-20;-20;-20;-20;-20;-20
20;20;20;20;20;20;20;20;20;20;20;20;20;20;20;20;20;20;20;20;20;20;20;20;20;19.1976;18.3953;17.5931;16.7913;15.9899;15.1889;14.3884;13.5886;12.7894;11.9909;11.1931;10.3961;9.59984;8.80431;8.0095;7.21535;6.42183;5.62886;4.83636;4.04423;3.25239;2.46071;1.66909;0.877388;0.0854888;-0.706738;-1.49942;-2.29268;-3.08663;-3.88139;-4.67707;-5.47374;-6.2715;-7.07039;-7.87049;-8.67181;-9.47438;-10.2782;-11.0832;-11.8895;-12.6969;-13.5054;-14.3148;-15.1252;-15.9364;-16.7483;-17.5607;-18.3736;-19.1867;-20;-20;-20;-20;-20;-20;-20;-20;-20;-20;-20;-20;-20;-20;-20;-20;-20;-20;-20;-20;-20;-20;-20;-20;-20;-20
20;20;20;20;20;20;20;20;20;20;20;20;20;20;20;20;20;20;20;20;20;20;20;20;20;19.1978;18.3958;17.5939;16.7923;15.9911;15.1903;14.3901;13.5903;12.7913;11.9929;11.1951;10.3981;9.60179;8.80618;8.01123;7.21692;6.42318;5.62997;4.83719;4.04476;3.25258;2.46055;1.66856;0.876481;0.0842021;-0.708401;-1.50145;-2.29506;-3.08934;-3.8844;-4.68034;-5.47724;-6.27518;-7.07422;-7.87441;-8.67578;-9.47834;-10.2821;-11.087;-11.8931;-12.7003;-13.5085;-14.3177;-15.1278;-15.9386;-16.75;-17.5621;-18.3745;-19.1872;-20;-20;-20;-20;-20;-20;-20;-20;-20;-20;-20;-20;-20;-20;-20;-20;-20;-20;-20;-20;-20;-20;-20;-20;-20;-20
20;20;20;20;20;20;20;20;20;20;20;20;20;20;20;20;20;20;20;20;20;20;20;20;20;19.198;18.3962;17.5945;16.7931;15.992;15.1914;14.3913;13.5917;12.7927;11.9943;11.1966;10.3996;9.60322;8.80754;8.01249;7.21806;6.42417;5.63077;4.83778;4.04513;3.25271;2.46042;1.66815;0.875799;0.0832407;-0.709639;-1.50295;-2.29682;-3.09134;-3.88663;-4.68276;-5.47983;-6.27791;-7.07706;-7.87731;-8.67871;-9.48126;-10.285;-11.0898;-11.8958;-12.7028;-13.5109;-14.3198;-15.1296;-15.9402;-16.7514;-17.5631;-18.3751;-19.1875;-20;-20;-20;-20;-20;-20;-20;-20;-20;-20;-20;-20;-20;-20;-20;-20;-20;-20;-20;-20;-20;-20;-20;-20;-20;-20
20;20;20;20;20;20;20;20;20;20;20;20;20;20;20;20;20;20;20;20;20;20;20;20;20;19.1982;18.3964;17.5949;16.7936;15.9926;15.1921;14.392;13.5925;12.7936;11.9952;11.1975;10.4005;9.60415;8.80842;8.01332;7.2188;6.42481;5.63129;4.83817;4.04537;3.25278;2.46032;1.66788;0.875343;0.0826014;-0.71046;-1.50395;-2.29799;-3.09267;-3.8881;-4.68436;-5.48154;-6.27971;-7.07892;-7.87922;-8.68064;-9.48319;-10.2869;-11.0917;-11.8976;-12.7045;-13.5124;-14.3212;-15.1308;-15.9412;-16.7522;-17.5637;-18.3756;-19.1877;-20;-20;-20;-20;-20;-20;-20;-20;-20;-20;-20;-20;-20;-20;-20;-20;-20;-20;-20;-20;-20;-20;-20;-20;-20;-20
20;20;20;20;20;20;20;20;20;20;20;20;20;20;20;20;20;20;20;20;20;20;20;20;20;19.1982;18.3966;17.5951;16.7938;15.9929;15.1925;14.3924;13.5929;12.794;11.9957;11.198;10.401;9.60461;8.80886;8.01373;7.21917;6.42513;5.63155;4.83836;4.04548;3.25282;2.46027;1.66774;0.875115;0.0822823;-0.710869;-1.50445;-2.29857;-3.09333;-3.88883;-4.68516;-5.48239;-6.2806;-7.07985;-7.88017;-8.6816;-9.48415;-10.2878;-11.0926;-11.8984;-12.7053;-13.5132;-14.3219;-15.1315;-15.9417;-16.7526;-17.564;-18.3758;-19.1878;-20;-20;-20;-20;-20;-20;-20;-20;-20;-20;-20;-20;-20;-20;-20;-20;-20;-20;-20;-20;-20;-20;-20;-20;-20;-20
